package,version,requirement,channel,Module,Version WAVES,Channel
_openmp_mutex,4.5,_openmp_mutex=4.5,conda-forge,_openmp_mutex,4.5,conda-forge
audioread,3.1.0,audioread=3.1.0,pypi,audioread,3.1.0,pypi
beiwe-forest,1.0,beiwe-forest=1.0,pypi,beiwe-forest,1.0,pypi
bzip2,1.0.8,bzip2=1.0.8,conda-forge,bzip2,1.0.8,conda-forge
ca-certificates,2026.4.22,ca-certificates=2026.4.22,conda-forge,ca-certificates,2026.4.22,conda-forge
certifi,2026.4.22,certifi=2026.4.22,pypi,certifi,2026.4.22,pypi
cffi,2.0.0,cffi=2.0.0,conda-forge,cffi,2.0.0,conda-forge
charset-normalizer,3.4.7,charset-normalizer=3.4.7,pypi,charset-normalizer,3.4.7,pypi
decorator,5.2.1,decorator=5.2.1,pypi,decorator,5.2.1,pypi
h3,4.3.0,h3=4.3.0,conda-forge,h3,4.3.0,conda-forge
h3-py,4.3.0,h3-py=4.3.0,conda-forge,h3-py,4.3.0,conda-forge
holidays,0.95,holidays=0.95,pypi,holidays,0.95,pypi
icu,78.3,icu=78.3,conda-forge,icu,78.3,conda-forge
idna,3.13,idna=3.13,pypi,idna,3.13,pypi
joblib,1.5.3,joblib=1.5.3,pypi,joblib,1.5.3,pypi
lazy-loader,0.5,lazy-loader=0.5,pypi,lazy-loader,0.5,pypi
ld_impl_linux-64,2.45.1,ld_impl_linux-64=2.45.1,conda-forge,ld_impl_linux-64,2.45.1,conda-forge
libblas,3.11.0,libblas=3.11.0,conda-forge,libblas,3.11.0,conda-forge
libcblas,3.11.0,libcblas=3.11.0,conda-forge,libcblas,3.11.0,conda-forge
libexpat,2.7.5,libexpat=2.7.5,conda-forge,libexpat,2.7.5,conda-forge
libffi,3.5.2,libffi=3.5.2,conda-forge,libffi,3.5.2,conda-forge
libgcc,15.2.0,libgcc=15.2.0,conda-forge,libgcc,15.2.0,conda-forge
libgcc-ng,15.2.0,libgcc-ng=15.2.0,conda-forge,libgcc-ng,15.2.0,conda-forge
libgfortran,15.2.0,libgfortran=15.2.0,conda-forge,libgfortran,15.2.0,conda-forge
libgfortran5,15.2.0,libgfortran5=15.2.0,conda-forge,libgfortran5,15.2.0,conda-forge
libgomp,15.2.0,libgomp=15.2.0,conda-forge,libgomp,15.2.0,conda-forge
liblapack,3.11.0,liblapack=3.11.0,conda-forge,liblapack,3.11.0,conda-forge
liblzma,5.8.3,liblzma=5.8.3,conda-forge,liblzma,5.8.3,conda-forge
libnsl,2.0.1,libnsl=2.0.1,conda-forge,libnsl,2.0.1,conda-forge
libopenblas,0.3.32,libopenblas=0.3.32,conda-forge,libopenblas,0.3.32,conda-forge
librosa,0.11.0,librosa=0.11.0,pypi,librosa,0.11.0,pypi
libsqlite,3.53.0,libsqlite=3.53.0,conda-forge,libsqlite,3.53.0,conda-forge
libstdcxx,15.2.0,libstdcxx=15.2.0,conda-forge,libstdcxx,15.2.0,conda-forge
libuuid,2.42,libuuid=2.42,conda-forge,libuuid,2.42,conda-forge
libxcrypt,4.4.36,libxcrypt=4.4.36,conda-forge,libxcrypt,4.4.36,conda-forge
libzlib,1.3.2,libzlib=1.3.2,conda-forge,libzlib,1.3.2,conda-forge
llvmlite,0.47.0,llvmlite=0.47.0,pypi,llvmlite,0.47.0,pypi
msgpack,1.1.2,msgpack=1.1.2,pypi,msgpack,1.1.2,pypi
ncurses,6.6,ncurses=6.6,conda-forge,ncurses,6.6,conda-forge
numba,0.65.1,numba=0.65.1,pypi,numba,0.65.1,pypi
numpy,2.4.3,numpy=2.4.3,conda-forge,numpy,2.4.3,conda-forge
openrouteservice,2.3.3,openrouteservice=2.3.3,pypi,openrouteservice,2.3.3,pypi
openssl,3.6.2,openssl=3.6.2,conda-forge,openssl,3.6.2,conda-forge
packaging,26.2,packaging=26.2,conda-forge,packaging,26.2,conda-forge
pandas,3.0.2,pandas=3.0.2,pypi,pandas,3.0.2,pypi
pip,26.0.1,pip=26.0.1,conda-forge,pip,26.0.1,conda-forge
platformdirs,4.9.6,platformdirs=4.9.6,pypi,platformdirs,4.9.6,pypi
pooch,1.9.0,pooch=1.9.0,pypi,pooch,1.9.0,pypi
pycparser,2.22,pycparser=2.22,conda-forge,pycparser,2.22,conda-forge
pyproj,3.7.2,pyproj=3.7.2,pypi,pyproj,3.7.2,pypi
python,3.12.13,python=3.12.13,conda-forge,python,3.12.13,conda-forge
python-dateutil,2.9.0.post0,python-dateutil=2.9.0.post0,pypi,python-dateutil,2.9.0.post0,pypi
python-flatbuffers,25.9.23,python-flatbuffers=25.9.23,conda-forge,python-flatbuffers,25.9.23,conda-forge
python_abi,3.12,python_abi=3.12,conda-forge,python_abi,3.12,conda-forge
pytz,2026.1.post1,pytz=2026.1.post1,pypi,pytz,2026.1.post1,pypi
ratelimit,2.2.1,ratelimit=2.2.1,pypi,ratelimit,2.2.1,pypi
readline,8.3,readline=8.3,conda-forge,readline,8.3,conda-forge
requests,2.33.1,requests=2.33.1,pypi,requests,2.33.1,pypi
scikit-learn,1.8.0,scikit-learn=1.8.0,pypi,scikit-learn,1.8.0,pypi
scipy,1.17.1,scipy=1.17.1,pypi,scipy,1.17.1,pypi
setuptools,82.0.1,setuptools=82.0.1,conda-forge,setuptools,82.0.1,conda-forge
shapely,2.1.2,shapely=2.1.2,pypi,shapely,2.1.2,pypi
six,1.17.0,six=1.17.0,pypi,six,1.17.0,pypi
soundfile,0.13.1,soundfile=0.13.1,pypi,soundfile,0.13.1,pypi
soxr,1.0.0,soxr=1.0.0,pypi,soxr,1.0.0,pypi
ssqueezepy,0.6.6,ssqueezepy=0.6.6,pypi,ssqueezepy,0.6.6,pypi
threadpoolctl,3.6.0,threadpoolctl=3.6.0,pypi,threadpoolctl,3.6.0,pypi
timezonefinder,8.1.0,timezonefinder=8.1.0,conda-forge,timezonefinder,8.1.0,conda-forge
tk,8.6.13,tk=8.6.13,conda-forge,tk,8.6.13,conda-forge
typing-extensions,4.15.0,typing-extensions=4.15.0,pypi,typing-extensions,4.15.0,pypi
tzdata,2025c,tzdata=2025c,conda-forge,tzdata,2025c,conda-forge
urllib3,2.6.3,urllib3=2.6.3,pypi,urllib3,2.6.3,pypi
wheel,0.47.0,wheel=0.47.0,conda-forge,wheel,0.47.0,conda-forge
zstd,1.5.7,zstd=1.5.7,conda-forge,zstd,1.5.7,conda-forge
